item_id,order_id,product_id,quantity,discount_percent,total_sale_amount,profit_amount
1,1,7,1,15,339.15,79.15
2,1,18,1,0,699.0,259.0
3,2,14,1,15,41.65,19.65
4,3,7,1,0,399.0,139.0
5,4,28,1,20,17.6,8.6
6,4,18,2,20,1118.4,238.4
7,4,4,3,10,5397.3,747.3
8,5,6,5,0,7250.0,1750.0
9,5,13,2,0,178.0,82.0
10,5,1,1,20,799.2,49.2
11,6,19,2,0,1298.0,478.0
12,6,24,1,5,369.55,99.55
13,6,18,2,0,1398.0,518.0
14,6,2,3,0,3597.0,927.0
15,7,29,1,5,32.3,17.3
16,8,23,1,0,229.0,99.0
17,9,19,1,0,649.0,239.0
18,9,4,1,15,1699.15,149.15
19,10,23,5,10,1030.5,380.5
20,10,10,1,5,521.55,131.55
21,10,20,1,15,237.15,77.15
22,11,9,1,10,386.1,96.1
23,11,10,1,5,521.55,131.55
24,12,27,1,0,48.0,20.0
25,12,9,1,20,343.2,53.2
26,13,3,3,5,2562.15,522.15
27,14,10,1,15,466.65,76.65
28,15,25,1,15,254.15,44.15
29,16,26,1,10,134.1,39.1
30,16,6,1,15,1232.5,132.5
31,16,29,2,15,57.8,27.8
32,16,14,2,0,98.0,54.0
33,17,27,3,0,144.0,60.0
34,18,28,1,10,19.8,10.8
35,19,9,1,20,343.2,53.2
36,20,11,1,5,759.05,179.05
37,20,14,1,5,46.55,24.55
38,21,18,3,10,1887.3,567.3
39,21,22,1,0,159.0,74.0
40,21,24,3,15,991.95,181.95
41,22,17,1,0,349.0,139.0
42,22,10,1,0,549.0,159.0
43,22,22,1,15,135.15,50.15
44,23,1,1,0,999.0,249.0
45,23,10,1,5,521.55,131.55
46,24,29,2,5,64.6,34.6
47,24,26,1,5,141.55,46.55
48,25,26,1,0,149.0,54.0
49,26,21,1,10,170.1,60.1
50,27,29,2,15,57.8,27.8
51,27,25,2,0,598.0,178.0
52,28,26,1,20,119.2,24.2
53,28,15,1,20,1000.0,180.0
54,29,16,1,0,1100.0,360.0
55,29,15,1,10,1125.0,305.0
56,30,10,1,0,549.0,159.0
57,31,23,1,0,229.0,99.0
58,31,7,1,0,399.0,139.0
59,32,1,3,0,2997.0,747.0
60,33,14,1,0,49.0,27.0
61,34,18,1,5,664.05,224.05
62,34,1,1,0,999.0,249.0
63,34,30,2,0,36.0,22.0
64,34,13,1,0,89.0,41.0
65,35,27,1,0,48.0,20.0
66,35,14,1,5,46.55,24.55
67,36,7,1,0,399.0,139.0
68,36,27,1,0,48.0,20.0
69,36,1,3,0,2997.0,747.0
70,37,4,1,5,1899.05,349.05
71,37,19,3,0,1947.0,717.0
72,37,1,2,0,1998.0,498.0
73,37,30,1,5,17.1,10.1
74,38,12,1,0,99.0,44.0
75,38,18,1,0,699.0,259.0
76,39,15,1,10,1125.0,305.0
77,39,23,3,0,687.0,297.0
78,39,5,2,5,3228.1,628.1
79,40,27,1,0,48.0,20.0
80,40,30,2,5,34.2,20.2
81,40,3,1,0,899.0,219.0
82,41,11,2,10,1438.2,278.2
83,41,9,1,0,429.0,139.0
84,42,8,1,10,224.1,64.1
85,42,23,1,0,229.0,99.0
86,43,12,1,0,99.0,44.0
87,43,16,5,5,5225.0,1525.0
88,44,7,1,10,359.1,99.1
89,45,25,1,20,239.2,29.2
90,45,17,2,0,698.0,278.0
91,46,2,1,5,1139.05,249.05
92,47,16,1,0,1100.0,360.0
93,48,13,1,5,84.55,36.55
94,48,16,1,10,990.0,250.0
95,48,3,3,0,2697.0,657.0
96,49,20,2,0,558.0,238.0
97,49,8,3,0,747.0,267.0
98,50,4,1,5,1899.05,349.05
99,50,25,1,0,299.0,89.0
100,50,7,1,0,399.0,139.0
101,50,21,1,5,179.55,69.55
102,51,3,3,10,2427.3,387.3
103,51,22,1,5,151.05,66.05
104,51,8,3,0,747.0,267.0
105,52,6,2,5,2755.0,555.0
106,53,13,3,5,253.65,109.65
107,54,20,1,0,279.0,119.0
108,54,9,1,15,364.65,74.65
109,55,25,1,5,284.05,74.05
110,56,3,1,0,899.0,219.0
111,56,16,1,0,1100.0,360.0
112,56,12,1,0,99.0,44.0
113,57,9,1,20,343.2,53.2
114,58,17,1,10,314.1,104.1
115,59,30,1,5,17.1,10.1
116,59,10,1,20,439.2,49.2
117,60,14,1,20,39.2,17.2
118,61,10,1,10,494.1,104.1
119,61,17,5,0,1745.0,695.0
120,61,23,1,0,229.0,99.0
121,62,26,2,0,298.0,108.0
122,63,19,1,5,616.55,206.55
123,64,18,1,0,699.0,259.0
124,64,13,1,5,84.55,36.55
125,65,16,2,10,1980.0,500.0
126,66,19,2,15,1103.3,283.3
127,66,11,1,5,759.05,179.05
128,67,3,1,5,854.05,174.05
129,67,16,1,15,935.0,195.0
130,67,26,2,15,253.3,63.3
131,67,9,1,0,429.0,139.0
132,68,21,1,0,189.0,79.0
133,69,4,1,0,1999.0,449.0
134,69,15,1,0,1250.0,430.0
135,70,14,1,10,44.1,22.1
136,71,16,1,0,1100.0,360.0
137,71,30,1,0,18.0,11.0
138,72,6,1,0,1450.0,350.0
139,72,3,1,5,854.05,174.05
140,73,28,1,0,22.0,13.0
141,73,16,1,5,1045.0,305.0
142,73,4,1,10,1799.1,249.1
143,73,8,1,0,249.0,89.0
144,74,8,2,0,498.0,178.0
145,74,20,1,0,279.0,119.0
146,75,2,1,0,1199.0,309.0
147,75,19,3,0,1947.0,717.0
148,76,9,1,15,364.65,74.65
149,76,27,3,20,115.2,31.2
150,77,8,2,10,448.2,128.2
151,78,4,1,5,1899.05,349.05
152,79,16,1,15,935.0,195.0
153,79,1,1,5,949.05,199.05
154,80,14,1,0,49.0,27.0
155,81,18,1,0,699.0,259.0
156,82,27,1,15,40.8,12.8
157,82,16,1,5,1045.0,305.0
158,83,22,1,15,135.15,50.15
159,84,28,1,5,20.9,11.9
160,84,27,1,0,48.0,20.0
161,84,15,2,0,2500.0,860.0
162,84,3,1,5,854.05,174.05
163,85,26,1,0,149.0,54.0
164,85,29,5,20,136.0,61.0
165,86,5,2,0,3398.0,798.0
166,86,1,1,0,999.0,249.0
167,86,12,1,10,89.1,34.1
168,87,17,1,5,331.55,121.55
169,87,19,3,0,1947.0,717.0
170,88,28,1,10,19.8,10.8
171,88,13,1,15,75.65,27.65
172,88,14,1,0,49.0,27.0
173,88,22,1,5,151.05,66.05
174,89,14,2,0,98.0,54.0
175,89,4,1,15,1699.15,149.15
176,90,15,1,10,1125.0,305.0
177,91,22,1,0,159.0,74.0
178,91,30,1,10,16.2,9.2
179,91,16,1,0,1100.0,360.0
180,91,3,1,20,719.2,39.2
181,92,25,3,0,897.0,267.0
182,92,14,1,0,49.0,27.0
183,92,28,1,5,20.9,11.9
184,93,12,1,0,99.0,44.0
185,93,4,1,5,1899.05,349.05
186,93,25,2,5,568.1,148.1
187,94,23,2,15,389.3,129.3
188,95,3,2,20,1438.4,78.4
189,95,5,1,5,1614.05,314.05
190,96,11,2,5,1518.1,358.1
191,97,15,1,0,1250.0,430.0
192,98,10,1,5,521.55,131.55
193,99,7,1,0,399.0,139.0
194,100,14,1,5,46.55,24.55
195,100,6,1,5,1377.5,277.5
196,101,30,1,0,18.0,11.0
197,102,1,3,0,2997.0,747.0
198,103,4,1,5,1899.05,349.05
199,104,11,2,0,1598.0,438.0
200,105,27,1,0,48.0,20.0
201,106,25,1,0,299.0,89.0
202,107,19,1,20,519.2,109.2
203,107,21,1,0,189.0,79.0
204,107,20,1,5,265.05,105.05
205,108,2,2,0,2398.0,618.0
206,108,12,2,15,168.3,58.3
207,109,19,1,0,649.0,239.0
208,109,21,1,0,189.0,79.0
209,109,7,1,15,339.15,79.15
210,110,15,5,5,5937.5,1837.5
211,111,11,1,0,799.0,219.0
212,112,10,2,5,1043.1,263.1
213,112,9,3,15,1093.95,223.95
214,113,21,1,0,189.0,79.0
215,114,27,1,10,43.2,15.2
216,114,5,2,5,3228.1,628.1
217,115,12,1,20,79.2,24.2
218,116,28,2,5,41.8,23.8
219,117,6,1,5,1377.5,277.5
220,118,24,1,0,389.0,119.0
221,119,26,1,5,141.55,46.55
222,119,16,1,0,1100.0,360.0
223,119,29,2,10,61.2,31.2
224,119,27,1,0,48.0,20.0
225,120,16,2,5,2090.0,610.0
