review_id,product_id,rating,sentiment,verified_purchase
1,14,1,Negative,Yes
2,5,5,Positive,Yes
3,24,3,Neutral,Yes
4,14,5,Positive,Yes
5,26,1,Negative,Yes
6,17,5,Positive,Yes
7,18,3,Neutral,Yes
8,22,4,Positive,No
9,23,5,Positive,Yes
10,22,3,Neutral,Yes
11,7,5,Positive,Yes
12,5,5,Positive,Yes
13,8,3,Neutral,Yes
14,4,4,Positive,Yes
15,20,5,Positive,No
16,4,5,Positive,Yes
17,11,5,Positive,Yes
18,20,3,Neutral,Yes
19,30,4,Positive,Yes
20,26,5,Positive,Yes
21,23,5,Positive,Yes
22,21,2,Negative,Yes
23,21,4,Positive,Yes
24,29,4,Positive,Yes
25,16,3,Neutral,Yes
26,25,5,Positive,Yes
27,25,4,Positive,Yes
28,27,3,Neutral,Yes
29,11,1,Negative,Yes
30,21,3,Neutral,No
31,24,4,Positive,Yes
32,18,5,Positive,Yes
33,6,3,Neutral,No
34,11,2,Negative,Yes
35,26,3,Neutral,Yes
36,12,5,Positive,No
37,8,3,Neutral,Yes
38,7,2,Negative,Yes
39,17,5,Positive,Yes
40,4,3,Neutral,No
41,6,5,Positive,Yes
42,25,1,Negative,Yes
43,27,5,Positive,No
44,17,5,Positive,Yes
45,15,4,Positive,Yes
46,5,2,Negative,Yes
47,18,4,Positive,Yes
48,26,4,Positive,Yes
49,19,1,Negative,Yes
50,29,3,Neutral,Yes
51,8,5,Positive,Yes
52,25,4,Positive,No
53,3,5,Positive,No
54,30,3,Neutral,Yes
55,7,4,Positive,No
56,21,2,Negative,Yes
57,14,3,Neutral,Yes
58,8,5,Positive,No
59,26,5,Positive,Yes
60,14,3,Neutral,Yes
61,28,4,Positive,No
62,23,5,Positive,Yes
63,23,1,Negative,Yes
64,5,2,Negative,No
65,9,4,Positive,Yes
66,18,5,Positive,Yes
67,8,5,Positive,Yes
68,25,3,Neutral,Yes
69,29,5,Positive,No
70,12,2,Negative,Yes
71,17,4,Positive,No
72,22,5,Positive,Yes
73,12,4,Positive,No
74,16,5,Positive,No
75,3,5,Positive,Yes
76,30,5,Positive,No
77,8,5,Positive,Yes
78,1,5,Positive,Yes
79,21,5,Positive,Yes
80,29,2,Negative,No
