product_id,product_name,category,sub_category,unit_price,cost_price
1,Apple iPhone 15 Pro,Technology,Phones,999.0,750.0
2,Samsung Galaxy S24 Ultra,Technology,Phones,1199.0,890.0
3,Google Pixel 8 Pro,Technology,Phones,899.0,680.0
4,Apple MacBook Pro 14,Technology,Laptops,1999.0,1550.0
5,Dell XPS 15 Laptop,Technology,Laptops,1699.0,1300.0
6,Lenovo ThinkPad X1 Carbon,Technology,Laptops,1450.0,1100.0
7,Sony WH-1000XM5 Headphones,Technology,Audio,399.0,260.0
8,Apple AirPods Pro 2,Technology,Audio,249.0,160.0
9,Bose QuietComfort Ultra,Technology,Audio,429.0,290.0
10,LG 27-inch 4K UltraFine Monitor,Technology,Displays,549.0,390.0
11,Dell UltraSharp 34 Curved,Technology,Displays,799.0,580.0
12,Logitech MX Master 3S Mouse,Technology,Accessories,99.0,55.0
13,Keychron K2 Mechanical Keyboard,Technology,Accessories,89.0,48.0
14,Anker 100W USB-C Fast Charger,Technology,Accessories,49.0,22.0
15,Herman Miller Aeron Chair,Furniture,Chairs,1250.0,820.0
16,Steelcase Gesture Office Chair,Furniture,Chairs,1100.0,740.0
17,Branch Ergonomic Task Chair,Furniture,Chairs,349.0,210.0
18,Uplift V2 Standing Desk,Furniture,Desks,699.0,440.0
19,Fully Jarvis Bamboo Standing Desk,Furniture,Desks,649.0,410.0
20,IKEA Bekant Corner Desk,Furniture,Desks,279.0,160.0
21,Modern 3-Drawer Steel File Cabinet,Furniture,Storage,189.0,110.0
22,Tribesigns 5-Tier Bookcase,Furniture,Storage,159.0,85.0
23,Luxor Mobile Whiteboard Stand,Furniture,Furnishings,229.0,130.0
24,HP LaserJet Pro Multifunction Printer,Office Supplies,Machines,389.0,270.0
25,Epson EcoTank Wireless Printer,Office Supplies,Machines,299.0,210.0
26,Fellowes 12-Sheet Cross-Cut Shredder,Office Supplies,Machines,149.0,95.0
27,Hammermill Premium Copy Paper (Case),Office Supplies,Paper,48.0,28.0
28,Moleskine Classic Hardcover Journal,Office Supplies,Paper,22.0,9.0
29,Avery Heavy-Duty 3-Ring Binders (6-Pk),Office Supplies,Binders,34.0,15.0
30,Pilot G2 Gel Roller Pens (Pack of 12),Office Supplies,Writing,18.0,7.0
